,chr9q21,chr17q,chr4q28,chr6q27,chr4q24,chr6q25,chr4q26,chr14q21,chr6q22,chr14q23,chr4q22,chr21q11,chr7p11,chr5q15,chr7p13,chr7p14,chr5q12,chr5q11,chr8p23,chr1p22,chr1p21,chr3p,chr16q12,chr16q13,chr16q11,chr3p14,chr13q32,chr13q31,chr3p11,chr3p12,chr13q34,chr2q23,chr2q22,chr2q21,chr4q27,chr2q24,chr7q36,chr12q24,chr7p21,chr12q22,chr16p,chr7p22,chr4q32,chr4q33,chr4q31,chr4q34,chr4q35,chr1q,chr1p,chr1q31,chrxp21,chrxp22,chr1q32,chr14q22,chr5p12,chr17q24,chr1p34,chr21p11,chr1p36,chr11q14,chr1p31,chr1p32,chr1p33,chr10q25,chr19q,chr19p,chrxq13,chr11q12,chr3p21,chr3p23,chr3p22,chr3p25,chr3p24,chr3p26,chr2q31,chr2q32,chr2q33,chr2q34,chr2q35,chr2q36,chr2q37,chr2p16,chr5p14,chr14q,chr10p15,chr10p14,chr10p11,chr4q12,chr15q,chr10p12,chrxp11,chr1q23,chr2p24,chr1q21,chr2p22,chr2p23,chr1q24,chr1q25,chr5q31,chr20p12,chr5q33,chr6q,chr5q35,chr7p12,chr7q35,chr7q34,chr18q21,chr3q22,chr18q23,chr5q14,chr19q13,chr19q12,chryp11,chr13q11,chr5q13,chr13q13,chr13q12,chrxq25,chr11q,chr7p15,chr14q32,chr9p,chr11p,chr14q24,chr10q21,chr10q23,chr10q22,chr11q13,chr10q24,chr11q11,chr10q26,chr20q13,chr20q12,chr20q11,chr5q22,chr5q23,chr5q21,chr4p15,chr4p14,chr4p16,chr21q21,chr4p13,chr4p12,chr13q14,chr17p12,chr17p13,chr8q11,chr8q12,chr8q13,chr7q,chr7p,chr7q22,chr21q22,chr17q21,chr9q13,chr9q12,chr2q11,chr17q22,chr2q14,chr17p11,chrxq,chr17q23,chr1p12,chr1p13,chr1p11,chr3q24,chr11q23,chr3q26,chrxq22,chr8q,chr11q24,chr11q25,chr12q12,chr6p23,chr6p21,chr3q28,chr3q29,chr12q14,chr12q15,chr15q13,chr4q,chr15q11,chr7q11,chr15q15,chr15q14,chr8q21,chr5p13,chr8q23,chr8q22,chr8q24,chr4q25,chr5p15,chr2p11,chr17q25,chr1q44,chr13q33,chr16q22,chr1q41,chr1q42,chr6p12,chr16p13,chr16p12,chr16p11,chr4p11,chr6p11,chr6q16,chr6q14,chr6q15,chr6q12,chr6q13,chr7q32,chr9p24,chr9p23,chr9p22,chr9p21,chr15q26,chr2q12,chr15q24,chr15q25,chr15q22,chr15q23,chr5q,chr2q13,chr12p,chr12q,chr2p15,chrxq28,chr8p11,chr10p13,chr14q12,chr14q13,chr7q21,chr1q22,chr6q26,chr9q34,chr9p11,chr9q31,chr9q33,chr9q32,chr11q21,chr2p25,chr18q11,chr18q12,chrxq11,chr10q11,chr12p13,chr12p12,chr12p11,chr3p13,chr2p21,chr4q21,chr7q33,chr18p11,chr8p21,chr8p22,chr2q,chr19p12,chr19p13,chr22q11,chr7q31,chr22q13,chr22q12,chr6q24,chr11q22,chryq11,chr5q32,chr12q21,chr3q25,chr9q22,chr3q11,chr15q21,chr18p,chr5q34,chr11p12,chr11p13,chr11p11,chr10q,chr11p14,chr11p15,chr3q13,chr6q23,chr3q21,chr4q11,chr3q27,chr4q13,chr22q,chr20p13,chr20p11,chr2p,chr4q23,chr14q31,chr18q22,chr6p,chrxq21,chr1q43,chrxq23,chr8p12,chr3q,chrxq24,chrxq27,chrxq26,chr3q12,chr17q11,chr3q23,chr17q12,chr12q23,chr12q11,chr9p12,chr9p13,chrxq12,chr1p35,chr16q23,chr1q12,chr16q21,chr2p14,chr2p13,chr2p12,chr6p22,chr16q24,chr12q13,chr13q21,chr13q22,chr6p24,chr6q21,chr6p25,chr14q11,BIOCARTA_VEGF_PATHWAY,BIOCARTA_ATM_PATHWAY,BIOCARTA_IL6_PATHWAY,BIOCARTA_RAB_PATHWAY,BIOCARTA_TFF_PATHWAY,BIOCARTA_DREAM_PATHWAY,BIOCARTA_AT1R_PATHWAY,BIOCARTA_ATRBRCA_PATHWAY,BIOCARTA_BARRESTIN_PATHWAY,BIOCARTA_EXTRINSIC_PATHWAY,BIOCARTA_RARRXR_PATHWAY,BIOCARTA_AKAP13_PATHWAY,BIOCARTA_NO1_PATHWAY,BIOCARTA_EIF4_PATHWAY,BIOCARTA_RHO_PATHWAY,BIOCARTA_TEL_PATHWAY,BIOCARTA_SKP2E2F_PATHWAY,BIOCARTA_COMP_PATHWAY,BIOCARTA_CTL_PATHWAY,BIOCARTA_ARAP_PATHWAY,BIOCARTA_FEEDER_PATHWAY,BIOCARTA_CELL2CELL_PATHWAY,BIOCARTA_CTCF_PATHWAY,BIOCARTA_LYM_PATHWAY,BIOCARTA_VIP_PATHWAY,BIOCARTA_BCELLSURVIVAL_PATHWAY,BIOCARTA_G2_PATHWAY,BIOCARTA_VITCB_PATHWAY,BIOCARTA_CHEMICAL_PATHWAY,BIOCARTA_NEUROTRANSMITTERS_PATHWAY,BIOCARTA_ALK_PATHWAY,BIOCARTA_GCR_PATHWAY,BIOCARTA_PTDINS_PATHWAY,BIOCARTA_CTLA4_PATHWAY,BIOCARTA_PGC1A_PATHWAY,BIOCARTA_SARS_PATHWAY,BIOCARTA_CARM1_PATHWAY,BIOCARTA_CERAMIDE_PATHWAY,BIOCARTA_DC_PATHWAY,BIOCARTA_SALMONELLA_PATHWAY,BIOCARTA_WNT_PATHWAY,BIOCARTA_IL22BP_PATHWAY,BIOCARTA_GPCR_PATHWAY,BIOCARTA_NDKDYNAMIN_PATHWAY,BIOCARTA_LAIR_PATHWAY,BIOCARTA_BLYMPHOCYTE_PATHWAY,BIOCARTA_INFLAM_PATHWAY,BIOCARTA_SRCRPTP_PATHWAY,BIOCARTA_AMI_PATHWAY,BIOCARTA_CSK_PATHWAY,BIOCARTA_DEATH_PATHWAY,BIOCARTA_ARENRF2_PATHWAY,BIOCARTA_GH_PATHWAY,BIOCARTA_GLYCOLYSIS_PATHWAY,BIOCARTA_PTC1_PATHWAY,BIOCARTA_RANKL_PATHWAY,BIOCARTA_CHREBP2_PATHWAY,BIOCARTA_SPPA_PATHWAY,BIOCARTA_IL5_PATHWAY,BIOCARTA_HIVNEF_PATHWAY,BIOCARTA_IL4_PATHWAY,BIOCARTA_PTEN_PATHWAY,BIOCARTA_INTRINSIC_PATHWAY,BIOCARTA_RNA_PATHWAY,BIOCARTA_BCR_PATHWAY,BIOCARTA_ACE2_PATHWAY,BIOCARTA_IGF1_PATHWAY,BIOCARTA_NGF_PATHWAY,BIOCARTA_PLATELETAPP_PATHWAY,BIOCARTA_NTHI_PATHWAY,BIOCARTA_BARRESTIN_SRC_PATHWAY,BIOCARTA_EIF_PATHWAY,BIOCARTA_TCYTOTOXIC_PATHWAY,BIOCARTA_PROTEASOME_PATHWAY,BIOCARTA_BARR_MAPK_PATHWAY,BIOCARTA_NFAT_PATHWAY,BIOCARTA_AKAPCENTROSOME_PATHWAY,BIOCARTA_FAS_PATHWAY,BIOCARTA_NFKB_PATHWAY,BIOCARTA_CD40_PATHWAY,BIOCARTA_RACCYCD_PATHWAY,BIOCARTA_RELA_PATHWAY,BIOCARTA_MCALPAIN_PATHWAY,BIOCARTA_EPO_PATHWAY,BIOCARTA_P53_PATHWAY,BIOCARTA_PDGF_PATHWAY,BIOCARTA_IGF1MTOR_PATHWAY,BIOCARTA_SPRY_PATHWAY,BIOCARTA_ECM_PATHWAY,BIOCARTA_PS1_PATHWAY,BIOCARTA_EPONFKB_PATHWAY,BIOCARTA_HER2_PATHWAY,BIOCARTA_EGF_PATHWAY,BIOCARTA_MONOCYTE_PATHWAY,BIOCARTA_TPO_PATHWAY,BIOCARTA_KERATINOCYTE_PATHWAY,BIOCARTA_TOB1_PATHWAY,BIOCARTA_SET_PATHWAY,BIOCARTA_EGFR_SMRTE_PATHWAY,BIOCARTA_ASBCELL_PATHWAY,BIOCARTA_LONGEVITY_PATHWAY,BIOCARTA_CLASSIC_PATHWAY,BIOCARTA_GRANULOCYTES_PATHWAY,BIOCARTA_TALL1_PATHWAY,BIOCARTA_DNAFRAGMENT_PATHWAY,BIOCARTA_ERK5_PATHWAY,BIOCARTA_HDAC_PATHWAY,BIOCARTA_PPARA_PATHWAY,BIOCARTA_CK1_PATHWAY,BIOCARTA_THELPER_PATHWAY,BIOCARTA_CARM_ER_PATHWAY,BIOCARTA_MPR_PATHWAY,BIOCARTA_RANMS_PATHWAY,BIOCARTA_EPHA4_PATHWAY,BIOCARTA_PYK2_PATHWAY,BIOCARTA_GSK3_PATHWAY,BIOCARTA_MTOR_PATHWAY,BIOCARTA_LEPTIN_PATHWAY,BIOCARTA_SODD_PATHWAY,BIOCARTA_RAS_PATHWAY,BIOCARTA_TCAPOPTOSIS_PATHWAY,BIOCARTA_PAR1_PATHWAY,BIOCARTA_CELLCYCLE_PATHWAY,BIOCARTA_IL3_PATHWAY,BIOCARTA_FIBRINOLYSIS_PATHWAY,BIOCARTA_CCR3_PATHWAY,BIOCARTA_TID_PATHWAY,BIOCARTA_MCM_PATHWAY,BIOCARTA_TCR_PATHWAY,BIOCARTA_TOLL_PATHWAY,BIOCARTA_FCER1_PATHWAY,BIOCARTA_CDMAC_PATHWAY,BIOCARTA_CYTOKINE_PATHWAY,BIOCARTA_FREE_PATHWAY,BIOCARTA_EDG1_PATHWAY,BIOCARTA_MAPK_PATHWAY,BIOCARTA_IL1R_PATHWAY,BIOCARTA_P27_PATHWAY,BIOCARTA_CDK5_PATHWAY,BIOCARTA_GLEEVEC_PATHWAY,BIOCARTA_RB_PATHWAY,BIOCARTA_P38MAPK_PATHWAY,BIOCARTA_CALCINEURIN_PATHWAY,BIOCARTA_TRKA_PATHWAY,BIOCARTA_BIOPEPTIDES_PATHWAY,BIOCARTA_STEM_PATHWAY,BIOCARTA_PITX2_PATHWAY,BIOCARTA_MEF2D_PATHWAY,BIOCARTA_HSP27_PATHWAY,BIOCARTA_AGR_PATHWAY,BIOCARTA_CASPASE_PATHWAY,BIOCARTA_BAD_PATHWAY,BIOCARTA_CCR5_PATHWAY,BIOCARTA_SHH_PATHWAY,BIOCARTA_IGF1R_PATHWAY,BIOCARTA_IL10_PATHWAY,BIOCARTA_G1_PATHWAY,BIOCARTA_INSULIN_PATHWAY,BIOCARTA_INTEGRIN_PATHWAY,BIOCARTA_MITOCHONDRIA_PATHWAY,BIOCARTA_CREB_PATHWAY,BIOCARTA_IL2RB_PATHWAY,BIOCARTA_AKAP95_PATHWAY,BIOCARTA_AGPCR_PATHWAY,BIOCARTA_D4GDI_PATHWAY,BIOCARTA_KREB_PATHWAY,BIOCARTA_RAC1_PATHWAY,BIOCARTA_CBL_PATHWAY,BIOCARTA_NKT_PATHWAY,BIOCARTA_STRESS_PATHWAY,BIOCARTA_TCRA_PATHWAY,BIOCARTA_CXCR4_PATHWAY,BIOCARTA_CARDIACEGF_PATHWAY,BIOCARTA_P35ALZHEIMERS_PATHWAY,BIOCARTA_ACH_PATHWAY,BIOCARTA_MET_PATHWAY,BIOCARTA_ARF_PATHWAY,BIOCARTA_ERK_PATHWAY,BIOCARTA_TNFR2_PATHWAY,BIOCARTA_GATA3_PATHWAY,BIOCARTA_TNFR1_PATHWAY,BIOCARTA_HCMV_PATHWAY,BIOCARTA_ETS_PATHWAY,BIOCARTA_AHSP_PATHWAY,BIOCARTA_NKCELLS_PATHWAY,BIOCARTA_STATHMIN_PATHWAY,BIOCARTA_CDC42RAC_PATHWAY,BIOCARTA_ETC_PATHWAY,BIOCARTA_IL17_PATHWAY,BIOCARTA_UCALPAIN_PATHWAY,BIOCARTA_NUCLEARRS_PATHWAY,BIOCARTA_VDR_PATHWAY,BIOCARTA_EIF2_PATHWAY,BIOCARTA_LECTIN_PATHWAY,BIOCARTA_MYOSIN_PATHWAY,BIOCARTA_PML_PATHWAY,BIOCARTA_GABA_PATHWAY,BIOCARTA_AKT_PATHWAY,BIOCARTA_ERYTH_PATHWAY,BIOCARTA_CACAM_PATHWAY,BIOCARTA_PARKIN_PATHWAY,BIOCARTA_TH1TH2_PATHWAY,BIOCARTA_MTA3_PATHWAY,BIOCARTA_TGFB_PATHWAY,BIOCARTA_P53HYPOXIA_PATHWAY,BIOCARTA_IL7_PATHWAY,BIOCARTA_HIF_PATHWAY,BIOCARTA_NO2IL12_PATHWAY,BIOCARTA_PLCE_PATHWAY,BIOCARTA_CFTR_PATHWAY,BIOCARTA_IL2_PATHWAY,BIOCARTA_FMLP_PATHWAY,BIOCARTA_ACTINY_PATHWAY,BIOCARTA_41BB_PATHWAY,BIOCARTA_IL12_PATHWAY,BIOCARTA_MAL_PATHWAY,BIOCARTA_NOS1_PATHWAY,conductance data/red/net_exp_final.txt,conductance data/red/net_mirna_final.txt,conductance data/red/net_ppi_unique_nodes_int.txt,conductance data/red/net_tf_final.txt
0,0.457419006117,1.0,1.0,1.0,1.0,1.0,1.0,1.0,0.484623305089,1.0,1.0,1.0,1.0,1.0,1.0,1.0,1.0,0.201459793643,1.0,1.0,1.0,1.0,1.0,1.0,1.0,1.0,1.0,1.0,1.0,1.0,1.0,1.0,1.0,1.0,1.0,1.0,1.0,1.0,1.0,1.0,1.0,1.0,1.0,1.0,0.0652677013191,1.0,1.0,1.0,1.0,1.0,1.0,1.0,1.0,1.0,0.781705849293,1.0,1.0,1.0,1.0,0.338678632042,0.130240251795,1.0,1.0,1.0,1.0,1.0,1.0,1.0,1.0,1.0,1.0,1.0,1.0,1.0,1.0,1.0,0.931990293975,1.0,0.248577666655,1.0,1.0,1.0,1.0,1.0,1.0,1.0,1.0,1.0,1.0,1.0,1.0,0.943498727286,1.0,1.0,1.0,1.0,1.0,1.0,1.0,0.262795928044,1.0,1.0,1.0,1.0,1.0,1.0,1.0,1.0,1.0,0.292206161853,1.0,1.0,1.0,1.0,1.0,1.0,1.0,1.0,1.0,1.0,1.0,1.0,1.0,1.0,1.0,0.886397101423,1.0,1.0,1.0,1.0,1.0,1.0,1.0,1.0,1.0,1.0,1.0,1.0,1.0,1.0,1.0,1.0,1.0,1.0,1.0,0.927553351649,1.0,1.0,1.0,1.0,1.0,1.0,1.0,1.0,1.0,1.0,1.0,1.0,1.0,1.0,1.0,1.0,1.0,1.0,1.0,1.0,1.0,0.680258866157,0.71158565728,0.416602061082,1.0,1.0,1.0,1.0,0.00779053567592,1.0,1.0,1.0,1.0,1.0,0.304563946114,1.0,1.0,1.0,1.0,1.0,1.0,1.0,1.0,1.0,1.0,1.0,1.0,1.0,1.0,1.0,1.0,1.0,1.0,1.0,1.0,1.0,1.0,1.0,1.0,1.0,1.0,1.0,1.0,1.0,1.0,1.0,1.0,1.0,1.0,1.0,1.0,1.0,1.0,1.0,1.0,1.0,1.0,1.0,1.0,1.0,1.0,1.0,1.0,1.0,1.0,0.680258866157,1.0,1.0,1.0,1.0,1.0,1.0,1.0,1.0,1.0,0.17644767424,1.0,1.0,1.0,1.0,1.0,1.0,1.0,1.0,1.0,1.0,1.0,1.0,1.0,1.0,1.0,0.292917230411,1.0,1.0,1.0,0.989959751797,1.0,1.0,1.0,1.0,1.0,1.0,1.0,0.88877593764,1.0,1.0,1.0,0.673509087161,1.0,0.786513290974,1.0,1.0,1.0,1.0,1.0,1.0,1.0,1.0,1.0,1.0,0.52180543843,0.404831608706,1.0,1.0,1.0,1.0,1.0,0.338678632042,1.0,1.0,1.0,1.0,1.0,1.0,0.484623305089,1.0,1.0,1.0,1.0,1.0,1.0,1.0,1.0,1.0,1.0,1.0,1.0,1.0,1.0,1.0,1.0,1.0,1.0,1.0,1.0,1.0,1.0,0.422085530882,1.0,1.0,1.0,0.745766027175,1.0,1.0,1.0,1.0,1.0,1.0,1.0,1.0,1.0,1.0,1.0,0.88877593764,1.0,1.0,1.0,1.0,1.0,1.0,1.0,1.0,1.0,1.0,1.0,1.0,1.0,1.0,1.0,1.0,1.0,1.0,1.0,1.0,1.0,1.0,1.0,1.0,1.0,1.0,1.0,1.0,1.0,0.781705849293,1.0,1.0,1.0,0.416602061082,1.0,1.0,1.0,0.490645378277,1.0,1.0,1.0,1.0,1.0,1.0,1.0,1.0,1.0,1.0,1.0,1.0,1.0,1.0,1.0,1.0,1.0,1.0,1.0,0.60074616987,1.0,0.0477714813165,1.0,1.0,1.0,1.0,1.0,1.0,1.0,1.0,0.924217614009,1.0,1.0,1.0,1.0,1.0,0.88877593764,0.527473754621,1.0,1.0,1.0,1.0,1.0,1.0,1.0,0.416602061082,1.0,1.0,1.0,1.0,1.0,1.0,0.379386224665,1.0,1.0,0.195073637818,1.0,1.0,1.0,1.0,1.0,0.379386224665,1.0,1.0,0.853210371918,1.0,1.0,1.0,1.0,1.0,1.0,1.0,1.0,1.0,0.709700585182,0.673509087161,1.0,1.0,1.0,1.0,1.0,1.0,1.0,1.0,1.0,1.0,1.0,1.0,1.0,1.0,1.0,1.0,1.0,1.0,0.564173870519,1.0,1.0,1.0,1.0,1.0,1.0,1.0,1.0,1.0,1.0,1.0,1.0,1.0,1.0,1.0,1.0,1.0,1.0,1.0,1.0,1.0,1.0,0.924217614009,0.490645378277,1.0,1.0,1.0,1.0,1.0,1.0,1.0,0.673509087161,1.0,1.0,1.0,1.0,1.0,1.0,1.0,1.0,1.0,1.0,0.673509087161,1.0,0.45368829607,1.0,1.0,1.0,1.0,1.0,1.0,1.0,1.0,1.0,1.0,1.0,1.0,0.853210371918,0.6371910952,1.0,1.0,1.0,0.45368829607,1.0,1.0,1.0,1.0,1.0,1.0,1.0,3.36883468835,22.263803681,1.875,5.68697829716
1,1.0,1.0,1.0,1.0,1.0,1.0,1.0,1.0,1.0,1.0,1.0,1.0,1.0,1.0,1.0,1.0,1.0,1.0,1.0,1.0,1.0,1.0,1.0,1.0,1.0,1.0,1.0,1.0,1.0,0.0837377792685,1.0,1.0,1.0,1.0,1.0,1.0,1.0,1.0,1.0,1.0,1.0,1.0,1.0,1.0,1.0,1.0,1.0,1.0,1.0,1.0,1.0,1.0,1.0,1.0,1.0,1.0,1.0,1.0,1.0,1.0,1.0,1.0,1.0,1.0,1.0,1.0,1.0,1.0,1.0,1.0,1.0,1.0,1.0,1.0,1.0,1.0,1.0,1.0,1.0,1.0,1.0,1.0,1.0,1.0,1.0,1.0,1.0,1.0,1.0,0.139247697714,0.603094923358,1.0,1.0,1.0,1.0,1.0,1.0,1.0,1.0,1.0,1.0,1.0,1.0,1.0,0.122194508115,1.0,1.0,1.0,1.0,1.0,1.0,1.0,1.0,1.0,1.0,1.0,0.30637630935,1.0,1.0,1.0,1.0,1.0,1.0,1.0,1.0,1.0,1.0,1.0,1.0,1.0,1.0,1.0,1.0,1.0,1.0,1.0,1.0,1.0,1.0,1.0,1.0,1.0,1.0,1.0,1.0,1.0,1.0,1.0,1.0,1.0,1.0,1.0,1.0,1.0,1.0,1.0,1.0,1.0,1.0,1.0,1.0,1.0,1.0,1.0,1.0,1.0,1.0,1.0,1.0,1.0,1.0,1.0,1.0,1.0,1.0,1.0,1.0,1.0,1.0,1.0,1.0,1.0,1.0,1.0,1.0,1.0,1.0,1.0,1.0,1.0,1.0,1.0,1.0,1.0,1.0,1.0,0.356694767519,1.0,1.0,1.0,1.0,1.0,1.0,1.0,1.0,1.0,1.0,1.0,1.0,1.0,1.0,1.0,1.0,1.0,1.0,0.264282847547,1.0,1.0,1.0,1.0,1.0,1.0,1.0,1.0,1.0,1.0,1.0,1.0,1.0,1.0,1.0,1.0,1.0,1.0,1.0,1.0,1.0,1.0,1.0,1.0,1.0,1.0,1.0,1.0,1.0,1.0,1.0,1.0,1.0,1.0,1.0,1.0,0.316876724568,1.0,1.0,1.0,1.0,1.0,1.0,1.0,1.0,1.0,1.0,1.0,1.0,1.0,1.0,1.0,1.0,1.0,1.0,1.0,1.0,1.0,1.0,1.0,1.0,1.0,1.0,1.0,1.0,1.0,1.0,1.0,1.0,1.0,1.0,1.0,1.0,1.0,1.0,1.0,1.0,1.0,1.0,1.0,1.0,1.0,1.0,1.0,1.0,1.0,1.0,1.0,1.0,1.0,1.0,1.0,1.0,1.0,1.0,1.0,1.0,1.0,1.0,1.0,1.0,1.0,1.0,1.0,1.0,1.0,1.0,1.0,1.0,1.0,1.0,1.0,1.0,1.0,1.0,1.0,0.0773165886054,1.0,1.0,1.0,1.0,1.0,1.0,1.0,1.0,1.0,1.0,1.0,1.0,1.0,1.0,1.0,1.0,1.0,1.0,1.0,1.0,1.0,1.0,1.0,1.0,1.0,1.0,1.0,0.0558883647204,1.0,1.0,1.0,1.0,1.0,1.0,1.0,0.0794573584331,1.0,1.0,1.0,1.0,1.0,1.0,1.0,1.0,1.0,1.0,1.0,1.0,1.0,1.0,1.0,1.0,1.0,1.0,1.0,1.0,1.0,0.0794573584331,1.0,1.0,1.0,1.0,1.0,1.0,1.0,1.0,1.0,1.0,0.120061186762,1.0,1.0,1.0,1.0,1.0,1.0,1.0,1.0,1.0,1.0,1.0,1.0,1.0,1.0,1.0,1.0,1.0,1.0,1.0,1.0,1.0,1.0,1.0,1.0,1.0,1.0,1.0,1.0,1.0,0.0387188898272,0.068749778494,1.0,1.0,1.0,1.0,1.0,1.0,1.0,1.0,1.0,1.0,1.0,1.0,1.0,1.0,1.0,1.0,1.0,1.0,1.0,1.0,1.0,0.105117521447,1.0,0.0880167086918,1.0,1.0,1.0,1.0,0.186021502462,1.0,1.0,1.0,1.0,1.0,0.0858774303765,0.0451602466881,1.0,1.0,1.0,1.0,1.0,1.0,1.0,1.0,1.0,1.0,1.0,1.0,1.0,1.0,1.0,1.0,1.0,1.0,1.0,1.0,1.0,1.0,1.0,1.0,1.0,1.0,1.0,1.0,1.0,1.0,1.0,1.0,1.0,1.0,1.0,1.0,1.0,1.0,1.0,1.0,1.0,1.0,1.0,1.0,1.0,1.0,1.0,1.0,1.0,1.0,1.0,1.0,1.0,1.0,1.0,1.0,1.0,1.0,1.0,1.0,1.0,1.0,1.0,1.0,1.0,1.0,1.0,1.0,0.0837377792685,1.0,1.0,1.0,1.0,1.0,190.5,56.3666666667,1.0,inf
2,1.0,0.535142418292,1.0,1.0,1.0,1.0,1.0,1.0,1.0,1.0,1.0,1.0,1.0,1.0,1.0,1.0,1.0,1.0,1.0,1.0,1.0,1.0,1.0,1.0,1.0,1.0,1.0,1.0,1.0,1.0,1.0,1.0,1.0,1.0,1.0,1.0,1.0,1.0,1.0,1.0,1.0,1.0,1.0,1.0,0.460888544818,1.0,1.0,1.0,1.0,1.0,1.0,1.0,1.0,1.0,1.0,1.0,1.0,1.0,1.0,1.0,1.0,1.0,1.0,1.0,1.0,1.0,1.0,1.0,1.0,1.0,1.0,1.0,1.0,1.0,1.0,1.0,0.102414024678,1.0,1.0,1.0,1.0,1.0,1.0,1.0,1.0,1.0,1.0,1.0,0.337563232845,1.0,1.0,1.0,1.0,0.286108444303,1.0,1.0,1.0,1.0,1.0,1.0,1.0,1.0,1.0,1.0,1.0,1.0,1.0,1.0,1.0,1.0,1.0,1.0,1.0,1.0,1.0,1.0,0.818319401672,1.0,1.0,1.0,1.0,1.0,1.0,1.0,1.0,1.0,1.0,1.0,0.586373061887,1.0,1.0,1.0,1.0,1.0,1.0,1.0,1.0,1.0,1.0,1.0,1.0,0.761060538531,1.0,0.666798975364,1.0,0.703275379819,1.0,1.0,1.0,1.0,1.0,0.125972244346,1.0,1.0,1.0,1.0,1.0,1.0,1.0,1.0,1.0,1.0,1.0,1.0,1.0,1.0,1.0,1.0,1.0,1.0,1.0,1.0,1.0,1.0,9.58491247346e-05,1.0,1.0,1.0,1.0,1.0,1.0,1.0,1.0,1.0,1.0,1.0,1.0,1.0,1.0,1.0,1.0,1.0,1.0,1.0,0.452928760979,1.0,1.0,1.0,1.0,1.0,1.0,1.0,1.0,1.0,1.0,1.0,1.0,1.0,1.0,1.0,1.0,1.0,1.0,1.0,1.0,1.0,1.0,1.0,1.0,0.577665840827,1.0,1.0,1.0,1.0,1.0,1.0,1.0,1.0,1.0,1.0,1.0,1.0,0.026598240101,1.0,1.0,1.0,1.0,1.0,1.0,1.0,1.0,1.0,1.0,1.0,1.0,1.0,1.0,1.0,1.0,1.0,1.0,1.0,1.0,1.0,1.0,1.0,1.0,1.0,1.0,1.0,1.0,1.0,1.0,1.0,1.0,1.0,1.0,1.0,1.0,1.0,1.0,1.0,1.0,1.0,1.0,1.0,1.0,1.0,0.601589206314,1.0,1.0,1.0,1.0,1.0,1.0,1.0,1.0,1.0,0.370748460241,1.0,1.0,1.0,1.0,1.0,1.0,1.0,0.117499502196,1.0,1.0,1.0,1.0,1.0,1.0,1.0,1.0,1.0,1.0,1.0,1.0,1.0,1.0,1.0,0.887975171117,1.0,1.0,1.0,1.0,1.0,1.0,0.0328297560835,1.0,0.856393727725,1.0,1.0,1.0,1.0,0.950845434068,1.0,1.0,0.403831123605,0.0213649497624,1.0,1.0,1.0,1.0,1.0,1.0,1.0,1.0,0.79293671345,1.0,1.0,1.0,1.0,1.0,0.600190820211,1.0,1.0,1.0,0.370748460241,1.0,0.535142418292,0.79293671345,1.0,1.0,1.0,1.0,1.0,1.0,1.0,0.856393727725,1.0,1.0,0.729085514109,1.0,1.0,0.856393727725,1.0,1.0,1.0,0.567716964163,1.0,1.0,1.0,1.0,1.0,0.0524213794709,0.436811537828,0.919458973268,1.0,1.0,1.0,0.0839348101352,0.000478526159512,1.0,0.00883361792076,1.0,0.0156614108905,1.0,1.0,1.0,1.0,1.0,1.0,1.0,1.0,0.502466872785,0.535142418292,1.0,1.0,0.403831123605,1.0,1.0,0.00123876122422,1.0,1.0,0.856393727725,1.0,0.0302736202217,1.0,0.535142418292,1.0,1.0,0.600190820211,0.0279085151921,0.469690016568,1.0,0.729085514109,1.0,0.370748460241,1.0,0.00446593996935,1.0,1.0,1.0,1.0,1.0,1.0,1.0,1.0,1.0,0.600190820211,1.0,0.156008321565,1.0,1.0,1.0,0.055584638557,1.0,0.337563232845,1.0,0.0352761984319,1.0,1.0,1.0,1.0,1.0,1.0,1.0,1.0,1.0,0.761060538531,1.0,1.0,1.0,1.0,1.0,0.535142418292,1.0,1.0,0.0352761984319,0.333054327234,1.0,1.0,0.370748460241,1.0,0.436811537828,1.0,1.0,1.0,0.00418418858211,1.0,0.502466872785,1.0,0.502466872785,0.0621681479236,0.761060538531,0.856393727725,1.0,1.0,0.761060538531,1.0,1.0,1.0,0.00252745543497,1.0,0.0352761984319,0.0690906102551,1.0,1.0,1.0,0.270883822222,1.0,1.0,1.0,1.0,1.0,0.0279085151921,1.0,1.0,1.0,0.0655872863185,1.0,0.0379125121778,1.0,1.0,0.950845434068,0.567716964163,0.0156614108905,1.0,0.664837698404,0.632564295599,1.0,1.0,1.0,0.600190820211,1.0,1.0,0.370748460241,1.0,1.0,0.567716964163,1.0,1.0,1.0,0.535142418292,1.0,1.0,1.0,0.632564295599,1.0,1.0,1.0,1.0,1.0,1.0,1.0,1.0,1.0,1.0,1.0,0.632564295599,1.0,5.97640527412,4.06805293006,1.77108433735,2.24827586207
3,0.196626907187,1.0,1.0,1.0,1.0,0.190264774362,1.0,1.0,1.0,1.0,1.0,1.0,1.0,1.0,1.0,1.0,1.0,1.0,1.0,1.0,1.0,1.0,1.0,1.0,1.0,1.0,1.0,1.0,1.0,1.0,1.0,1.0,1.0,1.0,1.0,1.0,1.0,1.0,1.0,1.0,1.0,1.0,1.0,1.0,1.0,1.0,1.0,1.0,1.0,1.0,1.0,1.0,1.0,1.0,1.0,1.0,1.0,1.0,1.0,1.0,1.0,1.0,1.0,1.0,1.0,1.0,1.0,1.0,0.570263338287,1.0,1.0,1.0,1.0,1.0,1.0,1.0,1.0,1.0,1.0,1.0,1.0,1.0,1.0,1.0,1.0,0.0666071429912,1.0,1.0,1.0,1.0,1.0,1.0,1.0,1.0,1.0,1.0,1.0,1.0,1.0,1.0,1.0,1.0,1.0,1.0,1.0,1.0,1.0,1.0,1.0,1.0,1.0,1.0,1.0,1.0,1.0,1.0,1.0,1.0,1.0,1.0,1.0,1.0,1.0,1.0,1.0,1.0,1.0,1.0,1.0,1.0,1.0,1.0,1.0,1.0,1.0,1.0,1.0,1.0,1.0,1.0,1.0,1.0,1.0,1.0,1.0,1.0,1.0,1.0,1.0,1.0,1.0,1.0,1.0,1.0,1.0,1.0,1.0,1.0,1.0,1.0,1.0,1.0,1.0,1.0,1.0,1.0,1.0,1.0,1.0,1.0,1.0,1.0,0.156277119319,1.0,1.0,1.0,1.0,1.0,1.0,1.0,1.0,1.0,1.0,1.0,1.0,1.0,1.0,1.0,1.0,1.0,1.0,1.0,1.0,1.0,1.0,1.0,1.0,1.0,1.0,1.0,1.0,1.0,1.0,1.0,1.0,1.0,1.0,1.0,1.0,1.0,1.0,1.0,1.0,1.0,1.0,1.0,1.0,1.0,1.0,1.0,1.0,1.0,1.0,1.0,1.0,1.0,1.0,1.0,1.0,1.0,1.0,1.0,1.0,1.0,1.0,1.0,1.0,1.0,1.0,1.0,1.0,1.0,1.0,1.0,0.327367973747,1.0,1.0,1.0,1.0,1.0,1.0,1.0,1.0,1.0,1.0,1.0,1.0,1.0,1.0,1.0,1.0,1.0,1.0,1.0,1.0,1.0,1.0,1.0,1.0,1.0,1.0,1.0,1.0,1.0,1.0,1.0,1.0,1.0,1.0,1.0,1.0,1.0,1.0,0.177530516672,0.219926260842,1.0,1.0,1.0,1.0,1.0,1.0,1.0,1.0,1.0,1.0,1.0,1.0,1.0,1.0,1.0,1.0,1.0,1.0,1.0,1.0,1.0,1.0,1.0,1.0,1.0,1.0,1.0,1.0,1.0,1.0,1.0,1.0,1.0,1.0,1.0,1.0,1.0,1.0,1.0,1.0,1.0,1.0,1.0,1.0,1.0,1.0,1.0,1.0,1.0,1.0,1.0,1.0,1.0,1.0,1.0,1.0,1.0,1.0,1.0,1.0,1.0,1.0,1.0,1.0,1.0,1.0,1.0,1.0,1.0,1.0,1.0,1.0,1.0,1.0,1.0,1.0,1.0,1.0,1.0,1.0,1.0,1.0,1.0,1.0,1.0,1.0,1.0,1.0,1.0,1.0,1.0,1.0,1.0,1.0,1.0,1.0,1.0,1.0,1.0,1.0,1.0,1.0,1.0,1.0,1.0,1.0,1.0,1.0,1.0,1.0,1.0,1.0,1.0,1.0,1.0,1.0,1.0,1.0,1.0,1.0,1.0,1.0,1.0,1.0,1.0,1.0,1.0,1.0,1.0,1.0,1.0,1.0,1.0,1.0,1.0,1.0,1.0,1.0,1.0,1.0,1.0,1.0,1.0,1.0,1.0,1.0,1.0,1.0,1.0,1.0,1.0,1.0,1.0,1.0,1.0,1.0,1.0,1.0,1.0,1.0,1.0,1.0,1.0,1.0,1.0,1.0,1.0,1.0,1.0,1.0,1.0,1.0,1.0,1.0,1.0,1.0,1.0,1.0,1.0,1.0,1.0,1.0,1.0,1.0,1.0,1.0,1.0,1.0,1.0,1.0,1.0,1.0,1.0,1.0,1.0,1.0,1.0,1.0,1.0,1.0,1.0,1.0,1.0,1.0,1.0,1.0,1.0,1.0,1.0,1.0,1.0,1.0,1.0,1.0,1.0,1.0,1.0,1.0,1.0,1.0,1.0,1.0,1.0,1.0,1.0,1.0,1.0,1.0,1.0,1.0,1.0,1.0,1.0,1.0,1.0,1.0,1.0,1.0,1.0,1.0,1.0,1.0,1.0,1.0,1.0,1.0,1.0,1.0,1.0,1.0,1.0,1.0,1.0,1.0,1.0,1.0,1.0,1.0,129.625,77.0625,7.5,inf
4,1.0,1.0,1.0,1.0,1.0,1.0,1.0,1.0,1.0,1.0,1.0,1.0,1.0,1.0,1.0,1.0,1.0,1.0,1.0,0.0301646942882,1.0,1.0,0.56145688077,1.0,1.0,1.0,1.0,1.0,1.0,1.0,1.0,1.0,1.0,1.0,1.0,1.0,0.958071587164,1.0,1.0,1.0,1.0,1.0,1.0,1.0,1.0,1.0,1.0,1.0,1.0,1.0,1.0,1.0,1.0,1.0,1.0,1.0,1.0,1.0,0.0849911379697,1.0,1.0,1.0,1.0,0.0119239283998,1.0,1.0,1.0,1.0,1.0,1.0,1.0,1.0,1.0,1.0,1.0,1.0,1.0,1.0,1.0,1.0,1.0,1.0,1.0,1.0,1.0,1.0,1.0,1.0,1.0,1.0,1.0,1.0,1.0,1.0,1.0,1.0,1.0,1.0,1.0,1.0,1.0,1.0,1.0,1.0,1.0,1.0,1.0,1.0,1.0,1.0,1.0,1.0,1.0,1.0,0.0352872892495,1.0,1.0,1.0,1.0,1.0,0.520354226106,1.0,1.0,1.0,0.603471718212,1.0,1.0,1.0,1.0,1.0,1.0,1.0,1.0,1.0,1.0,1.0,1.0,1.0,1.0,1.0,1.0,1.0,1.0,1.0,1.0,1.0,1.0,1.0,1.0,1.0,1.0,1.0,1.0,1.0,1.0,1.0,1.0,1.0,1.0,1.0,1.0,1.0,1.0,1.0,1.0,1.0,1.0,1.0,1.0,1.0,1.0,1.0,1.0,1.0,1.0,1.0,1.0,0.569873042934,1.0,1.0,1.0,1.0,1.0,1.0,1.0,1.0,1.0,1.0,1.0,1.0,0.519276858515,1.0,1.0,1.0,1.0,1.0,1.0,1.0,1.0,1.0,1.0,1.0,1.0,1.0,1.0,1.0,1.0,1.0,1.0,1.0,1.0,1.0,1.0,1.0,1.0,1.0,1.0,1.0,1.0,1.0,1.0,1.0,1.0,1.0,1.0,1.0,1.0,1.0,1.0,1.0,1.0,0.974274953388,1.0,1.0,1.0,1.0,0.687008351888,1.0,1.0,1.0,1.0,1.0,1.0,1.0,1.0,1.0,1.0,1.0,1.0,1.0,1.0,1.0,1.0,1.0,1.0,1.0,1.0,1.0,1.0,0.990452880007,1.0,1.0,1.0,1.0,1.0,1.0,1.0,1.0,1.0,1.0,1.0,1.0,1.0,1.0,1.0,1.0,1.0,1.0,1.0,1.0,1.0,1.0,1.0,1.0,1.0,1.0,1.0,1.0,1.0,1.0,1.0,1.0,1.0,1.0,1.0,1.0,1.0,1.0,1.0,1.0,1.0,1.0,1.0,1.0,1.0,1.0,1.0,1.0,1.0,1.0,1.0,1.0,1.0,1.0,1.0,1.0,1.0,1.0,1.0,1.0,1.0,1.0,1.0,1.0,1.0,1.0,0.00277840915421,1.0,1.0,1.0,0.00144295288363,0.123358742061,0.314493387228,1.0,1.0,1.0,1.0,0.105818833545,0.288623322648,0.210646955918,1.0,1.0,1.0,1.0,1.0,1.0,1.0,0.000627504939615,0.201948898082,1.0,0.254035090179,0.000826639438719,1.0,1.0,0.00158644296412,1.0,1.0,0.193244017805,1.0,0.184532309846,1.0,1.0,0.114592225132,1.0,1.0,0.114592225132,1.0,1.0,0.323103224845,1.0,1.0,1.0,1.0,1.0,1.0,0.210646955918,0.288623322648,1.0,0.245371066666,1.0,1.0,1.0,0.366051265652,0.193244017805,1.0,0.0111470231868,1.0,4.27603596523e-06,1.0,1.0,1.0,1.0,0.184532309846,0.158356167998,1.0,1.0,1.0,1.0,1.0,1.0,1.0,0.0103955332472,0.132118389587,0.262692322337,1.0,1.0,0.00222748330737,1.0,0.00205718184383,1.0,1.0,0.279986433408,0.175813769048,1.0,0.00189356776262,1.0,1.0,0.193244017805,0.271342768363,1.0,0.210646955918,1.0,1.0,0.0970385620676,1.0,1.0,0.132118389587,1.0,1.0,1.0,0.0882514054468,0.158356167998,0.279986433408,0.0111470231868,0.149617097344,1.0,1.0,0.297253441253,1.0,1.0,0.271342768363,0.236700246712,0.201948898082,1.0,1.0,0.00173665136519,1.0,0.323103224845,0.00173665136519,1.0,1.0,0.201948898082,1.0,1.0,0.425896243826,1.0,0.357475126675,1.0,1.0,1.0,0.00240446186395,1.0,1.0,1.0,1.0,0.201948898082,1.0,0.348892258255,1.0,0.105818833545,1.0,1.0,1.0,1.0,1.0,0.00429604591995,0.201948898082,0.00222748330737,1.0,0.140871172938,0.00173665136519,1.0,0.245371066666,0.193244017805,0.00478898271779,0.184532309846,0.00240446186395,0.33170631251,0.105818833545,0.114592225132,1.0,1.0,0.201948898082,1.0,1.0,1.0,1.0,1.05709937665e-05,1.0,1.0,0.000826639438719,0.00453923198864,0.149617097344,1.0,1.0,0.140871172938,1.0,0.149617097344,1.0,1.0,0.175813769048,0.167088390169,0.000826639438719,1.0,1.0,0.158356167998,1.0,1.0,1.0,1.0,1.0,1.0,1.0,0.193244017805,1.0,1.0,1.0,1.0,1.0,1.0,1.0,0.149617097344,1.0,1.0,0.105818833545,0.105818833545,1.0,1.0,1.0,1.0,1.0,0.167088390169,0.210646955918,18.775862069,13.7290419162,2.86842105263,31.9615384615
5,1.0,1.0,1.0,1.0,1.0,1.0,1.0,1.0,1.0,1.0,1.0,1.0,1.0,1.0,1.0,1.0,1.0,1.0,1.0,1.0,1.0,1.0,1.0,1.0,1.0,1.0,1.0,1.0,1.0,1.0,1.0,1.0,1.0,1.0,1.0,1.0,0.267528755635,1.0,1.0,1.0,1.0,1.0,1.0,1.0,1.0,1.0,1.0,1.0,1.0,1.0,1.0,1.0,1.0,1.0,1.0,1.0,1.0,1.0,1.0,1.0,1.0,1.0,1.0,1.0,1.0,1.0,1.0,1.0,0.631778967843,1.0,1.0,1.0,1.0,1.0,1.0,1.0,1.0,1.0,1.0,1.0,0.434920535181,1.0,1.0,1.0,1.0,1.0,1.0,1.0,1.0,1.0,1.0,1.0,1.0,1.0,1.0,1.0,1.0,1.0,1.0,1.0,1.0,1.0,0.421061514433,1.0,1.0,1.0,1.0,1.0,1.0,1.0,1.0,1.0,1.0,1.0,1.0,1.0,1.0,1.0,1.0,1.0,1.0,1.0,1.0,1.0,1.0,1.0,1.0,1.0,1.0,1.0,1.0,1.0,1.0,0.370105007231,1.0,1.0,1.0,1.0,1.0,1.0,1.0,1.0,1.0,1.0,1.0,1.0,1.0,1.0,1.0,1.0,1.0,0.35152067014,1.0,1.0,1.0,1.0,1.0,1.0,1.0,1.0,1.0,1.0,1.0,1.0,1.0,1.0,1.0,1.0,1.0,1.0,1.0,1.0,1.0,1.0,1.0,1.0,1.0,1.0,1.0,1.0,1.0,1.0,1.0,1.0,1.0,1.0,1.0,1.0,1.0,1.0,1.0,1.0,1.0,1.0,1.0,1.0,1.0,1.0,1.0,1.0,1.0,1.0,1.0,1.0,1.0,1.0,1.0,1.0,1.0,1.0,1.0,1.0,1.0,1.0,1.0,1.0,1.0,1.0,1.0,1.0,1.0,1.0,1.0,1.0,1.0,1.0,1.0,1.0,1.0,1.0,1.0,1.0,1.0,1.0,1.0,1.0,1.0,1.0,1.0,1.0,1.0,1.0,1.0,1.0,1.0,1.0,1.0,1.0,1.0,1.0,1.0,1.0,1.0,1.0,1.0,1.0,1.0,1.0,1.0,1.0,1.0,1.0,1.0,1.0,1.0,1.0,1.0,1.0,1.0,1.0,1.0,1.0,1.0,1.0,1.0,1.0,1.0,1.0,1.0,1.0,1.0,1.0,1.0,1.0,1.0,1.0,1.0,1.0,1.0,1.0,1.0,1.0,1.0,1.0,1.0,1.0,1.0,1.0,1.0,1.0,1.0,0.114365141882,1.0,1.0,1.0,1.0,1.0,1.0,1.0,1.0,1.0,1.0,1.0,1.0,1.0,1.0,1.0,1.0,1.0,1.0,1.0,1.0,1.0,1.0,1.0,1.0,1.0,1.0,1.0,1.0,1.0,1.0,1.0,1.0,1.0,1.0,1.0,1.0,1.0,1.0,1.0,1.0,1.0,1.0,1.0,1.0,1.0,1.0,1.0,1.0,1.0,1.0,1.0,1.0,1.0,1.0,1.0,1.0,1.0,1.0,1.0,1.0,1.0,1.0,1.0,1.0,1.0,1.0,1.0,1.0,1.0,1.0,1.0,1.0,1.0,1.0,1.0,1.0,1.0,1.0,1.0,1.0,1.0,1.0,1.0,1.0,1.0,1.0,1.0,1.0,1.0,1.0,1.0,1.0,1.0,1.0,1.0,1.0,1.0,1.0,1.0,1.0,1.0,1.0,1.0,1.0,1.0,1.0,1.0,1.0,1.0,1.0,1.0,1.0,1.0,1.0,1.0,1.0,1.0,1.0,1.0,1.0,1.0,1.0,1.0,1.0,1.0,1.0,1.0,1.0,1.0,1.0,1.0,1.0,1.0,1.0,1.0,1.0,1.0,1.0,1.0,1.0,1.0,1.0,1.0,1.0,1.0,1.0,1.0,1.0,1.0,1.0,1.0,1.0,1.0,1.0,1.0,1.0,1.0,1.0,1.0,1.0,1.0,1.0,1.0,1.0,1.0,1.0,1.0,1.0,1.0,1.0,1.0,1.0,1.0,1.0,1.0,1.0,1.0,1.0,1.0,1.0,1.0,1.0,1.0,1.0,1.0,1.0,1.0,1.0,1.0,1.0,1.0,1.0,1.0,1.0,1.0,1.0,1.0,1.0,1.0,1.0,1.0,1.0,1.0,1.0,1.0,1.0,1.0,1.0,1.0,1.0,1.0,1.0,1.0,1.0,1.0,1.0,1.0,1.0,1.0,0.0406273985178,1.0,1.0,1.0,1.0,1.0,1.0,1.0,1.0,1.0,1.0,1.0,1.0,1.0,1.0,1.0,1.0,1.0,1.0,1.0,1.0,1.0,128.083333333,106.666666667,4.0,inf
6,1.0,1.0,1.0,1.0,1.0,1.0,1.0,1.0,1.0,1.0,1.0,1.0,1.0,1.0,1.0,1.0,1.0,1.0,1.0,1.0,1.0,1.0,1.0,1.0,1.0,1.0,1.0,1.0,1.0,1.0,1.0,1.0,0.768071129629,1.0,0.490009438846,1.0,1.0,1.0,1.0,1.0,1.0,1.0,1.0,1.0,1.0,1.0,1.0,1.0,1.0,1.0,1.0,1.0,1.0,1.0,0.602122294842,1.0,1.0,1.0,1.0,1.0,1.0,1.0,1.0,1.0,1.0,1.0,1.0,1.0,1.0,1.0,1.0,1.0,1.0,1.0,1.0,1.0,0.583763551745,1.0,1.0,1.0,1.0,1.0,1.0,1.0,1.0,1.0,1.0,1.0,1.0,1.0,1.0,1.0,1.0,1.0,1.0,1.0,1.0,1.0,1.0,1.0,1.0,1.0,1.0,0.850057703791,1.0,1.0,0.510590217547,0.167637789025,1.0,1.0,1.0,1.0,1.0,1.0,1.0,1.0,0.629348017444,1.0,1.0,1.0,1.0,1.0,1.0,1.0,1.0,1.0,0.614017568013,1.0,1.0,1.0,0.1033594273,1.0,1.0,1.0,1.0,1.0,1.0,1.0,1.0,1.0,1.0,1.0,1.0,1.0,1.0,1.0,1.0,1.0,1.0,1.0,1.0,0.668252682179,1.0,1.0,1.0,1.0,1.0,1.0,1.0,1.0,1.0,1.0,1.0,1.0,1.0,1.0,1.0,1.0,0.441127926688,1.0,1.0,1.0,0.000507122571104,0.713048833383,2.48486938095e-05,1.0,1.0,1.0,1.0,1.0,1.0,1.0,1.0,1.0,1.0,1.0,1.0,1.0,1.0,1.0,1.0,1.0,1.0,1.0,1.0,1.0,1.0,1.0,1.0,1.0,1.0,0.461562180015,1.0,1.0,0.376697683303,0.0489602992119,1.0,1.0,1.0,1.0,1.0,1.0,1.0,1.0,1.0,1.0,1.0,1.0,1.0,1.0,1.0,1.0,1.0,1.0,1.0,1.0,1.0,1.0,1.0,1.0,1.0,1.0,1.0,1.0,1.0,1.0,1.0,1.0,1.0,1.0,1.0,1.0,1.0,1.0,1.0,1.0,1.0,1.0,1.0,1.0,1.0,1.0,1.0,1.0,1.0,1.0,1.0,1.0,1.0,1.0,1.0,1.0,1.0,1.0,1.0,1.0,1.0,1.0,1.0,1.0,1.0,1.0,0.931392633024,1.0,1.0,1.0,1.0,1.0,1.0,1.0,1.0,0.524935872014,1.0,1.0,1.0,0.175478940888,1.0,1.0,1.0,1.0,1.0,1.0,1.0,1.0,1.0,1.0,1.0,1.0,1.0,1.0,0.296836414845,1.0,1.0,1.0,1.0,1.0,1.0,1.0,1.0,1.0,1.0,1.0,1.0,1.0,1.0,1.0,1.0,1.0,1.0,1.0,1.0,1.0,1.0,1.0,1.0,1.0,0.822801505562,1.0,1.0,1.0,0.602122294842,1.0,1.0,1.0,1.0,1.0,1.0,1.0,0.0390872837387,0.685427732835,1.0,0.518149555942,1.0,1.0,1.0,1.0,1.0,1.0,1.0,1.0,1.0,0.461794391155,1.0,1.0,0.629964658143,1.0,1.0,0.629964658143,0.0190595413427,1.0,0.740596567815,1.0,1.0,1.0,1.0,1.0,1.0,1.0,1.0,1.0,1.0,1.0,1.0,1.0,1.0,1.0,1.0,1.0,1.0,1.0,1.0,1.0,1.0,1.0,1.0,1.0,0.31958825012,0.518149555942,1.0,1.0,1.0,1.0,0.602122294842,1.0,1.0,1.0,1.0,1.0,1.0,1.0,1.0,1.0,1.0,1.0,1.0,1.0,0.740596567815,1.0,1.0,1.0,1.0,0.904353076877,0.574205787335,0.518149555942,1.0,1.0,1.0,1.0,0.877241497349,1.0,0.685427732835,1.0,1.0,1.0,1.0,1.0,0.433504215058,1.0,1.0,1.0,1.0,0.518149555942,0.904353076877,1.0,1.0,1.0,1.0,1.0,1.0,1.0,1.0,0.768071129629,0.657733072482,1.0,1.0,0.657733072482,1.0,1.0,1.0,1.0,1.0,1.0,1.0,0.0116274483359,1.0,1.0,1.0,1.0,1.0,1.0,0.768071129629,1.0,1.0,1.0,1.0,0.657733072482,1.0,1.0,1.0,0.348180929317,1.0,1.0,1.0,1.0,1.0,1.0,1.0,0.740596567815,1.0,1.0,0.657733072482,1.0,1.0,0.629964658143,1.0,1.0,0.0262579618211,1.0,1.0,1.0,1.0,1.0,1.0,1.0,1.0,1.0,1.0,1.0,1.0,1.0,0.461794391155,1.0,1.0,1.0,1.0,1.0,1.0,0.490009438846,1.0,1.0,1.0,0.546214939822,1.0,0.348180929317,1.0,1.0,1.0,1.0,1.0,1.0,1.0,1.0,1.0,0.629964658143,1.0,0.461794391155,1.0,1.0,1.0,1.0,0.657733072482,1.0,1.0,1.0,1.0,1.0,1.0,1.0,1.0,1.0,1.0,1.0,1.0,5.90234059726,4.49724264706,1.69736842105,0.0
7,1.0,1.0,1.0,1.0,1.0,1.0,1.0,1.0,1.0,1.0,1.0,1.0,1.0,1.0,1.0,0.25296037756,1.0,1.0,1.0,1.0,1.0,1.0,1.0,1.0,1.0,1.0,1.0,1.0,1.0,1.0,1.0,1.0,1.0,1.0,1.0,1.0,1.0,1.0,1.0,1.0,1.0,1.0,1.0,1.0,1.0,1.0,1.0,1.0,1.0,1.0,1.0,1.0,1.0,1.0,1.0,1.0,1.0,1.0,1.0,1.0,1.0,1.0,1.0,1.0,1.0,1.0,1.0,1.0,1.0,1.0,0.244521214942,1.0,0.196584440892,1.0,1.0,1.0,1.0,1.0,1.0,1.0,1.0,1.0,1.0,1.0,1.0,1.0,1.0,1.0,1.0,1.0,1.0,1.0,0.193758540929,1.0,1.0,1.0,1.0,1.0,1.0,1.0,1.0,1.0,1.0,1.0,1.0,1.0,1.0,1.0,1.0,1.0,1.0,1.0,1.0,1.0,1.0,1.0,1.0,1.0,1.0,1.0,1.0,1.0,1.0,1.0,1.0,0.378821601361,1.0,0.956435047444,0.337018792201,1.0,1.0,1.0,1.0,1.0,1.0,1.0,1.0,1.0,1.0,1.0,1.0,1.0,1.0,1.0,1.0,1.0,1.0,1.0,1.0,1.0,1.0,1.0,1.0,1.0,1.0,1.0,1.0,1.0,1.0,1.0,1.0,1.0,1.0,1.0,1.0,1.0,1.0,1.0,1.0,1.0,1.0,1.0,1.0,1.0,1.0,1.0,1.0,1.0,1.0,1.0,1.0,1.0,1.0,1.0,1.0,1.0,1.0,1.0,0.289459987564,1.0,1.0,1.0,1.0,0.610154141408,1.0,1.0,1.0,1.0,1.0,1.0,1.0,1.0,1.0,1.0,1.0,1.0,1.0,1.0,1.0,1.0,1.0,1.0,1.0,1.0,1.0,1.0,1.0,1.0,1.0,1.0,1.0,1.0,1.0,1.0,1.0,1.0,1.0,1.0,1.0,1.0,1.0,1.0,0.241706811124,1.0,1.0,1.0,1.0,1.0,1.0,1.0,1.0,1.0,1.0,1.0,1.0,1.0,1.0,1.0,1.0,1.0,1.0,1.0,1.0,1.0,1.0,1.0,1.0,1.0,1.0,1.0,1.0,1.0,1.0,1.0,1.0,1.0,1.0,1.0,1.0,1.0,1.0,1.0,1.0,1.0,1.0,1.0,1.0,1.0,1.0,1.0,1.0,1.0,1.0,1.0,1.0,1.0,0.281047100871,1.0,1.0,1.0,1.0,1.0,1.0,1.0,1.0,1.0,1.0,1.0,1.0,1.0,1.0,1.0,1.0,1.0,1.0,1.0,1.0,1.0,1.0,1.0,1.0,1.0,1.0,1.0,1.0,1.0,1.0,1.0,1.0,1.0,1.0,1.0,1.0,1.0,1.0,1.0,1.0,1.0,1.0,1.0,1.0,1.0,1.0,1.0,1.0,1.0,1.0,1.0,1.0,1.0,1.0,1.0,1.0,1.0,1.0,1.0,1.0,1.0,1.0,1.0,1.0,1.0,1.0,1.0,1.0,1.0,1.0,1.0,1.0,1.0,1.0,1.0,1.0,1.0,1.0,1.0,1.0,1.0,1.0,1.0,1.0,1.0,1.0,1.0,1.0,1.0,1.0,1.0,1.0,1.0,1.0,1.0,1.0,1.0,1.0,1.0,1.0,1.0,1.0,1.0,1.0,1.0,1.0,1.0,1.0,1.0,1.0,1.0,1.0,1.0,1.0,1.0,1.0,1.0,1.0,1.0,1.0,1.0,1.0,1.0,1.0,1.0,1.0,1.0,1.0,1.0,1.0,1.0,1.0,1.0,1.0,1.0,1.0,1.0,1.0,1.0,1.0,1.0,1.0,1.0,1.0,1.0,1.0,1.0,1.0,1.0,1.0,1.0,1.0,1.0,1.0,1.0,1.0,1.0,1.0,1.0,1.0,1.0,1.0,1.0,1.0,1.0,1.0,1.0,1.0,1.0,1.0,1.0,1.0,1.0,1.0,1.0,1.0,1.0,1.0,1.0,1.0,1.0,1.0,1.0,1.0,1.0,1.0,1.0,1.0,1.0,1.0,1.0,1.0,1.0,1.0,1.0,1.0,1.0,1.0,1.0,1.0,1.0,1.0,1.0,1.0,1.0,1.0,1.0,1.0,1.0,1.0,1.0,1.0,1.0,1.0,1.0,1.0,1.0,1.0,1.0,1.0,1.0,1.0,1.0,1.0,1.0,1.0,1.0,1.0,1.0,1.0,1.0,1.0,1.0,1.0,1.0,1.0,1.0,1.0,1.0,1.0,1.0,1.0,1.0,1.0,1.0,1.0,1.0,1.0,1.0,1.0,1.0,1.0,1.0,1.0,1.0,1.0,inf,inf,2.5,76.625
8,1.0,1.0,1.0,1.0,1.0,1.0,1.0,1.0,1.0,1.0,1.0,1.0,1.0,1.0,1.0,1.0,1.0,1.0,1.0,1.0,1.0,1.0,1.0,1.0,1.0,1.0,0.878114962877,1.0,1.0,1.0,1.0,1.0,1.0,1.0,1.0,1.0,1.0,1.0,1.0,1.0,1.0,1.0,1.0,1.0,1.0,1.0,1.0,1.0,1.0,1.0,1.0,1.0,0.55567573255,1.0,0.409841482027,1.0,1.0,1.0,1.0,1.0,1.0,1.0,0.969284709649,1.0,1.0,1.0,1.0,1.0,1.0,1.0,1.0,1.0,1.0,1.0,1.0,1.0,1.0,0.561971320169,1.0,1.0,1.0,1.0,1.0,1.0,1.0,1.0,1.0,1.0,1.0,1.0,1.0,1.0,1.0,1.0,1.0,1.0,1.0,1.0,1.0,1.0,1.0,1.0,1.0,1.0,1.0,1.0,1.0,1.0,1.0,1.0,0.0820847530526,1.0,1.0,1.0,1.0,1.0,1.0,1.0,1.0,1.0,1.0,1.0,1.0,1.0,1.0,1.0,1.0,1.0,1.0,1.0,1.0,1.0,1.0,1.0,1.0,1.0,1.0,1.0,1.0,1.0,1.0,1.0,1.0,1.0,1.0,1.0,1.0,1.0,1.0,1.0,1.0,1.0,0.00126543245322,1.0,1.0,1.0,1.0,1.0,1.0,1.0,1.0,1.0,1.0,1.0,1.0,1.0,1.0,1.0,1.0,1.0,1.0,1.0,1.0,1.0,0.0341595010421,1.0,1.0,1.0,1.0,1.0,1.0,1.0,1.0,1.0,1.0,1.0,1.0,1.0,1.0,1.0,1.0,1.0,1.0,0.0805259534317,1.0,0.561971320169,1.0,1.0,1.0,1.0,1.0,1.0,1.0,1.0,1.0,1.0,1.0,1.0,1.0,1.0,1.0,1.0,1.0,1.0,0.0705491808934,1.0,1.0,1.0,1.0,0.213729934003,1.0,1.0,1.0,1.0,1.0,1.0,1.0,1.0,1.0,1.0,1.0,1.0,1.0,1.0,1.0,1.0,1.0,1.0,1.0,1.0,1.0,1.0,1.0,1.0,1.0,1.0,1.0,1.0,1.0,1.0,1.0,1.0,1.0,1.0,1.0,1.0,1.0,1.0,1.0,1.0,0.744284071742,1.0,1.0,1.0,1.0,1.0,1.0,1.0,1.0,1.0,1.0,1.0,1.0,0.352229812942,1.0,1.0,1.0,1.0,1.0,1.0,1.0,1.0,1.0,1.0,1.0,1.0,1.0,1.0,1.0,1.0,1.0,1.0,1.0,1.0,1.0,1.0,1.0,1.0,1.0,1.0,1.0,1.0,1.0,0.618461647811,1.0,1.0,1.0,1.0,1.0,1.0,1.0,1.0,1.0,1.0,0.0410497987906,1.0,1.0,1.0,1.0,1.0,1.0,1.0,1.0,1.0,1.0,1.0,1.0,1.0,1.0,1.0,1.0,0.27493234279,1.0,1.0,1.0,1.0,1.0,1.0,0.637224553568,1.0,0.618461647811,1.0,1.0,1.0,1.0,0.352229812942,0.177530516676,1.0,0.448078059347,1.0,0.561971320169,1.0,1.0,1.0,1.0,1.0,1.0,1.0,1.0,1.0,1.0,1.0,0.255521513841,0.428976850631,1.0,1.0,1.0,1.0,0.711941736937,0.409841482027,1.0,1.0,0.561971320169,1.0,1.0,0.467145168433,1.0,0.255521513841,1.0,1.0,1.0,0.27493234279,0.804590140048,1.0,1.0,1.0,1.0,1.0,1.0,1.0,1.0,1.0,1.0,1.0,1.0,1.0,1.0,1.0,1.0,1.0,1.0,1.0,1.0,1.0,1.0,1.0,1.0,1.0,0.486178238019,1.0,1.0,1.0,1.0,1.0,0.467145168433,1.0,1.0,1.0,1.0,1.0,1.0,1.0,1.0,1.0,1.0,1.0,1.0,1.0,1.0,1.0,1.0,0.352229812942,0.618461647811,1.0,0.332957200309,1.0,1.0,0.655953956288,1.0,1.0,1.0,1.0,1.0,1.0,1.0,1.0,1.0,1.0,0.448078059347,1.0,1.0,1.0,1.0,1.0,1.0,1.0,1.0,1.0,1.0,1.0,0.524142498613,0.120069913341,1.0,1.0,1.0,1.0,1.0,1.0,1.0,1.0,1.0,0.294308526142,1.0,1.0,1.0,1.0,1.0,0.505177328072,1.0,0.313650124964,0.448078059347,1.0,0.543073809363,1.0,1.0,1.0,0.524142498613,1.0,1.0,0.255521513841,1.0,1.0,0.448078059347,1.0,1.0,1.0,1.0,1.0,1.0,1.0,1.0,1.0,0.332957200309,1.0,1.0,0.313650124964,1.0,1.0,0.352229812942,1.0,1.0,0.371468023673,1.0,1.0,1.0,1.0,1.0,1.0,1.0,1.0,1.0,1.0,1.0,1.0,1.0,1.0,0.255521513841,1.0,1.0,1.0,1.0,1.0,1.0,1.0,0.236075978098,0.236075978098,1.0,1.0,1.0,1.0,1.0,1.0,0.467145168433,12.826007326,51.0810810811,2.74,8.10147058824
9,1.0,0.0877686642209,1.0,1.0,1.0,1.0,1.0,1.0,0.51139766118,1.0,1.0,1.0,1.0,1.0,1.0,1.0,1.0,0.320340209851,1.0,1.0,1.0,1.0,1.0,1.0,1.0,1.0,1.0,1.0,1.0,1.0,1.0,1.0,1.0,1.0,1.0,1.0,1.0,1.0,0.309628882479,1.0,1.0,1.0,1.0,1.0,1.0,1.0,1.0,1.0,1.0,1.0,1.0,1.0,1.0,1.0,1.0,1.0,1.0,1.0,1.0,1.0,1.0,1.0,1.0,1.0,1.0,1.0,1.0,1.0,1.0,1.0,1.0,1.0,1.0,1.0,1.0,0.38439291351,1.0,1.0,1.0,1.0,1.0,1.0,1.0,1.0,1.0,1.0,1.0,1.0,1.0,1.0,1.0,1.0,1.0,1.0,1.0,1.0,1.0,1.0,1.0,1.0,1.0,1.0,1.0,1.0,1.0,1.0,1.0,1.0,1.0,1.0,1.0,1.0,1.0,1.0,1.0,1.0,1.0,1.0,1.0,1.0,1.0,1.0,1.0,1.0,1.0,1.0,1.0,1.0,1.0,1.0,1.0,1.0,1.0,1.0,1.0,1.0,1.0,1.0,1.0,1.0,1.0,1.0,1.0,1.0,1.0,1.0,1.0,1.0,1.0,1.0,1.0,0.791865731905,1.0,1.0,1.0,1.0,1.0,1.0,1.0,1.0,1.0,1.0,1.0,1.0,1.0,1.0,1.0,1.0,1.0,1.0,0.652540604813,1.0,1.0,1.0,1.0,1.0,1.0,1.0,1.0,1.0,1.0,1.0,1.0,0.521915529998,1.0,1.0,1.0,1.0,0.54816608247,1.0,1.0,1.0,1.0,1.0,1.0,1.0,1.0,1.0,0.812353254971,1.0,1.0,1.0,1.0,1.0,1.0,1.0,1.0,1.0,1.0,1.0,1.0,1.0,1.0,1.0,1.0,1.0,1.0,1.0,1.0,1.0,1.0,1.0,1.0,1.0,1.0,1.0,1.0,1.0,1.0,1.0,1.0,1.0,1.0,1.0,1.0,1.0,1.0,0.442784953345,1.0,1.0,1.0,1.0,0.379069254725,1.0,1.0,1.0,1.0,1.0,1.0,1.0,1.0,1.0,1.0,1.0,1.0,1.0,1.0,0.450628695759,1.0,0.626540840083,1.0,1.0,1.0,1.0,1.0,1.0,1.0,1.0,1.0,1.0,1.0,1.0,1.0,1.0,1.0,1.0,1.0,1.0,1.0,1.0,1.0,1.0,1.0,1.0,1.0,1.0,0.53242330973,1.0,1.0,1.0,1.0,1.0,1.0,1.0,1.0,1.0,1.0,1.0,1.0,1.0,1.0,1.0,1.0,1.0,1.0,0.521915529998,1.0,1.0,1.0,1.0,1.0,1.0,1.0,1.0,1.0,1.0,1.0,1.0,1.0,1.0,1.0,1.0,1.0,1.0,1.0,1.0,1.0,1.0,1.0,1.0,1.0,1.0,1.0,1.0,1.0,1.0,1.0,1.0,1.0,1.0,1.0,1.0,1.0,1.0,1.0,1.0,1.0,1.0,1.0,1.0,1.0,1.0,1.0,1.0,0.120508893082,1.0,1.0,1.0,1.0,1.0,1.0,1.0,1.0,1.0,1.0,1.0,1.0,0.0877686642209,1.0,1.0,1.0,1.0,1.0,1.0,1.0,1.0,1.0,1.0,1.0,1.0,1.0,1.0,1.0,1.0,1.0,1.0,1.0,0.0986925311737,1.0,1.0,1.0,1.0,1.0,1.0,1.0,1.0,1.0,1.0,1.0,1.0,1.0,1.0,1.0,1.0,1.0,1.0,1.0,1.0,1.0,1.0,1.0,0.174867240304,1.0,1.0,1.0,1.0,1.0,1.0,0.169443118211,1.0,0.131401407174,1.0,1.0,1.0,1.0,1.0,1.0,1.0,1.0,1.0,1.0,1.0,1.0,1.0,1.0,1.0,1.0,1.0,1.0,1.0,1.0,1.0,1.0,1.0,1.0,1.0,1.0,1.0,1.0,1.0,1.0,1.0,1.0,1.0,1.0,1.0,1.0,1.0,1.0,1.0,1.0,0.469225110188,1.0,1.0,1.0,0.125956454695,1.0,0.218166773209,1.0,1.0,0.245144801954,1.0,1.0,1.0,1.0,1.0,1.0,1.0,1.0,1.0,1.0,0.0932319058652,1.0,1.0,1.0,1.0,1.0,1.0,1.0,1.0,1.0,1.0,1.0,1.0,1.0,1.0,1.0,1.0,1.0,1.0,1.0,1.0,1.0,1.0,1.0,1.0,1.0,1.0,1.0,1.0,1.0,1.0,1.0,1.0,1.0,1.0,1.0,1.0,1.0,1.0,1.0,1.0,1.0,1.0,1.0,1.0,1.0,1.0,1.0,1.0,1.0,1.0,1.0,1.0,1.0,1.0,1.0,1.0,1.0,1.0,1.0,1.0,1.0,63.53125,133.125,4.66666666667,23.2314814815
10,1.0,1.0,1.0,1.0,1.0,1.0,1.0,1.0,1.0,1.0,1.0,1.0,1.0,1.0,1.0,1.0,1.0,1.0,1.0,1.0,1.0,1.0,1.0,1.0,1.0,1.0,1.0,1.0,1.0,1.0,1.0,1.0,1.0,1.0,1.0,1.0,1.0,1.0,1.0,1.0,1.0,1.0,1.0,1.0,1.0,1.0,1.0,1.0,1.0,1.0,1.0,1.0,1.0,1.0,1.0,1.0,1.0,1.0,1.0,1.0,1.0,1.0,1.0,1.0,1.0,1.0,1.0,1.0,1.0,1.0,1.0,1.0,1.0,1.0,1.0,1.0,1.0,1.0,1.0,1.0,1.0,1.0,1.0,1.0,1.0,1.0,1.0,1.0,1.0,1.0,1.0,1.0,1.0,1.0,1.0,1.0,1.0,1.0,1.0,1.0,1.0,1.0,1.0,1.0,1.0,1.0,1.0,1.0,1.0,1.0,1.0,1.0,1.0,1.0,1.0,1.0,1.0,1.0,1.0,1.0,1.0,1.0,1.0,1.0,1.0,1.0,1.0,1.0,1.0,1.0,1.0,1.0,1.0,1.0,1.0,1.0,1.0,1.0,1.0,1.0,1.0,1.0,1.0,1.0,1.0,1.0,1.0,1.0,1.0,1.0,1.0,1.0,1.0,1.0,1.0,1.0,1.0,1.0,1.0,1.0,1.0,1.0,1.0,1.0,1.0,1.0,1.0,1.0,1.0,1.0,1.0,1.0,1.0,1.0,1.0,1.0,1.0,1.0,1.0,1.0,1.0,1.0,0.197805468257,1.0,1.0,1.0,1.0,1.0,1.0,1.0,1.0,1.0,1.0,1.0,1.0,1.0,1.0,1.0,1.0,1.0,1.0,1.0,1.0,1.0,1.0,1.0,1.0,1.0,1.0,1.0,1.0,1.0,1.0,1.0,1.0,1.0,1.0,1.0,1.0,1.0,1.0,1.0,1.0,1.0,1.0,1.0,1.0,1.0,1.0,1.0,1.0,1.0,1.0,1.0,1.0,1.0,1.0,1.0,1.0,1.0,1.0,1.0,1.0,1.0,1.0,1.0,1.0,1.0,1.0,1.0,1.0,1.0,1.0,1.0,1.0,1.0,1.0,1.0,1.0,1.0,1.0,1.0,1.0,1.0,1.0,1.0,1.0,0.0792548696206,1.0,1.0,1.0,1.0,1.0,1.0,1.0,1.0,1.0,1.0,1.0,1.0,1.0,1.0,1.0,0.0792548696206,1.0,1.0,1.0,1.0,1.0,1.0,1.0,1.0,1.0,1.0,1.0,1.0,1.0,1.0,1.0,1.0,1.0,1.0,1.0,1.0,1.0,1.0,1.0,1.0,1.0,1.0,1.0,1.0,1.0,1.0,1.0,0.0849674899652,1.0,1.0,1.0,1.0,1.0,1.0,1.0,1.0,1.0,1.0,1.0,1.0,1.0,1.0,1.0,1.0,1.0,1.0,1.0,1.0,1.0,1.0,1.0,1.0,0.0306070137022,1.0,1.0,1.0,1.0,1.0,1.0,1.0,1.0,1.0,1.0,1.0,1.0,1.0,1.0,1.0,1.0,1.0,1.0,1.0,1.0,1.0,1.0,1.0,1.0,1.0,1.0,1.0,1.0,1.0,1.0,1.0,1.0,1.0,1.0,1.0,1.0,1.0,1.0,1.0,1.0,1.0,1.0,1.0,1.0,1.0,1.0,1.0,1.0,1.0,1.0,1.0,1.0,1.0,1.0,1.0,1.0,1.0,1.0,1.0,1.0,1.0,1.0,1.0,1.0,1.0,1.0,1.0,1.0,1.0,1.0,1.0,1.0,1.0,1.0,1.0,1.0,1.0,1.0,1.0,1.0,1.0,1.0,1.0,1.0,1.0,1.0,1.0,1.0,1.0,1.0,1.0,1.0,1.0,1.0,1.0,1.0,1.0,1.0,1.0,1.0,1.0,1.0,1.0,1.0,1.0,1.0,1.0,1.0,1.0,1.0,0.0220052552527,1.0,1.0,1.0,1.0,1.0,1.0,1.0,1.0,1.0,1.0,1.0,1.0,1.0,1.0,1.0,1.0,1.0,1.0,1.0,1.0,1.0,1.0,1.0,1.0,1.0,1.0,1.0,1.0,1.0,1.0,1.0,1.0,1.0,1.0,1.0,1.0,1.0,1.0,1.0,1.0,0.0220052552527,1.0,1.0,1.0,1.0,1.0,1.0,1.0,1.0,1.0,1.0,1.0,1.0,1.0,1.0,1.0,1.0,1.0,1.0,1.0,1.0,1.0,1.0,1.0,1.0,1.0,1.0,1.0,1.0,1.0,1.0,1.0,1.0,1.0,1.0,1.0,1.0,1.0,1.0,1.0,1.0,1.0,1.0,1.0,1.0,1.0,1.0,1.0,1.0,0.0181806280991,1.0,inf,179.25,2.5,inf
11,1.0,1.0,1.0,1.0,1.0,1.0,1.0,1.0,1.0,1.0,1.0,1.0,1.0,1.0,1.0,1.0,1.0,1.0,1.0,1.0,1.0,1.0,1.0,1.0,1.0,1.0,1.0,1.0,1.0,1.0,1.0,1.0,1.0,1.0,1.0,1.0,1.0,1.0,1.0,1.0,1.0,1.0,1.0,1.0,1.0,1.0,1.0,1.0,1.0,1.0,1.0,1.0,1.0,1.0,1.0,1.0,0.324888126377,1.0,1.0,1.0,1.0,1.0,1.0,1.0,1.0,1.0,1.0,1.0,1.0,1.0,1.0,1.0,1.0,1.0,1.0,1.0,1.0,1.0,1.0,1.0,1.0,1.0,1.0,1.0,0.925185367432,1.0,1.0,0.82784596751,1.0,1.0,1.0,1.0,0.980395703687,1.0,1.0,1.0,1.0,1.0,1.0,1.0,1.0,1.0,0.277467685459,1.0,1.0,1.0,1.0,1.0,1.0,1.0,1.0,1.0,1.0,1.0,1.0,1.0,1.0,1.0,1.0,1.0,1.0,1.0,1.0,1.0,1.0,1.0,1.0,1.0,1.0,1.0,1.0,1.0,1.0,1.0,1.0,1.0,1.0,1.0,1.0,1.0,0.68718227156,1.0,1.0,1.0,1.0,1.0,1.0,1.0,1.0,1.0,1.0,1.0,0.550418182227,1.0,1.0,1.0,1.0,1.0,1.0,1.0,1.0,1.0,1.0,1.0,1.0,1.0,1.0,1.0,1.0,1.0,1.0,1.0,1.0,1.0,6.30728731974e-07,1.0,1.0,1.0,1.0,1.0,1.0,1.0,1.0,1.0,0.994151698129,1.0,1.0,1.0,1.0,1.0,1.0,1.0,1.0,1.0,1.0,1.0,1.0,1.0,1.0,1.0,1.0,1.0,1.0,1.0,1.0,1.0,1.0,1.0,1.0,1.0,1.0,1.0,1.0,1.0,1.0,1.0,1.0,1.0,1.0,1.0,1.0,1.0,1.0,1.0,1.0,0.41462743985,1.0,1.0,1.0,1.0,1.0,1.0,1.0,1.0,1.0,1.0,1.0,1.0,1.0,1.0,1.0,1.0,1.0,1.0,1.0,1.0,1.0,1.0,1.0,0.785846301966,1.0,1.0,1.0,1.0,0.630382343029,1.0,1.0,1.0,1.0,1.0,1.0,1.0,1.0,1.0,1.0,1.0,1.0,1.0,1.0,1.0,1.0,1.0,1.0,1.0,1.0,1.0,1.0,1.0,1.0,1.0,1.0,1.0,1.0,1.0,1.0,1.0,1.0,1.0,1.0,1.0,0.71546730471,1.0,1.0,1.0,1.0,1.0,1.0,1.0,1.0,1.0,1.0,1.0,1.0,1.0,1.0,1.0,1.0,1.0,1.0,1.0,1.0,1.0,1.0,1.0,1.0,1.0,1.0,1.0,1.0,1.0,1.0,1.0,1.0,1.0,1.0,1.0,1.0,0.297757963407,1.0,1.0,1.0,0.209273412508,1.0,1.0,1.0,1.0,1.0,0.179618874595,0.487032109255,0.356350560734,1.0,1.0,1.0,1.0,1.0,1.0,1.0,1.0,1.0,1.0,0.429147525012,1.0,0.356350560734,1.0,1.0,1.0,1.0,1.0,1.0,1.0,1.0,0.14988413861,0.194456154993,1.0,1.0,1.0,1.0,1.0,0.544604729321,1.0,1.0,1.0,1.0,1.0,1.0,0.356350560734,1.0,1.0,1.0,1.0,1.0,1.0,0.616134324228,1.0,1.0,1.0,1.0,0.268342744935,1.0,1.0,1.0,1.0,1.0,1.0,1.0,1.0,1.0,0.238847965188,1.0,1.0,1.0,0.813864997881,1.0,1.0,1.0,1.0,0.38552836023,1.0,0.370949313574,1.0,0.238847965188,1.0,0.297757963407,1.0,1.0,1.0,0.164761544677,1.0,1.0,1.0,1.0,1.0,1.0,1.0,1.0,1.0,0.224070673731,1.0,1.0,1.0,1.0,1.0,1.0,0.841808051645,0.253605313466,1.0,1.0,0.501454446137,1.0,1.0,1.0,1.0,0.341732075552,1.0,1.0,1.0,1.0,0.544604729321,0.341732075552,1.0,1.0,1.0,1.0,1.0,1.0,1.0,1.0,1.0,1.0,1.0,1.0,1.0,1.0,1.0,1.0,1.0,1.0,1.0,0.312435803199,1.0,1.0,1.0,1.0,1.0,1.0,1.0,1.0,0.38552836023,1.0,0.238847965188,0.341732075552,1.0,0.41462743985,1.0,1.0,1.0,0.400087726921,1.0,1.0,0.194456154993,1.0,1.0,1.0,1.0,1.0,1.0,1.0,1.0,1.0,1.0,0.238847965188,1.0,1.0,1.0,1.0,0.238847965188,1.0,1.0,1.0,1.0,1.0,0.283060286122,1.0,1.0,1.0,1.0,1.0,1.0,1.0,1.0,0.458128916402,0.00273039336145,1.0,0.32709383181,1.0,1.0,1.0,1.0,1.0,1.0,0.341732075552,1.0,1.0,1.0,0.179618874595,0.179618874595,1.0,1.0,1.0,1.0,1.0,1.0,0.356350560734,16.4069264069,10.3187203791,2.23913043478,9.14492753623
12,1.0,1.0,1.0,1.0,1.0,1.0,1.0,1.0,1.0,1.0,1.0,1.0,1.0,1.0,1.0,1.0,1.0,1.0,1.0,1.0,1.0,1.0,1.0,1.0,1.0,1.0,1.0,1.0,1.0,1.0,1.0,1.0,1.0,1.0,1.0,1.0,1.0,1.0,1.0,1.0,1.0,1.0,1.0,1.0,1.0,1.0,1.0,1.0,1.0,1.0,1.0,1.0,1.0,1.0,1.0,1.0,1.0,1.0,1.0,1.0,0.1910578643,1.0,1.0,1.0,1.0,1.0,1.0,1.0,0.383526131563,1.0,1.0,1.0,1.0,1.0,1.0,1.0,1.0,1.0,1.0,1.0,1.0,1.0,1.0,1.0,1.0,1.0,1.0,1.0,1.0,1.0,1.0,1.0,1.0,1.0,1.0,1.0,1.0,1.0,1.0,1.0,1.0,1.0,1.0,1.0,1.0,1.0,1.0,1.0,1.0,1.0,1.0,1.0,1.0,1.0,1.0,1.0,1.0,1.0,1.0,1.0,1.0,1.0,1.0,1.0,1.0,1.0,1.0,1.0,0.169809240659,1.0,1.0,1.0,1.0,1.0,1.0,1.0,1.0,1.0,1.0,1.0,1.0,1.0,1.0,1.0,1.0,1.0,1.0,1.0,1.0,1.0,1.0,1.0,1.0,1.0,1.0,1.0,1.0,1.0,1.0,1.0,1.0,1.0,1.0,1.0,1.0,1.0,1.0,1.0,1.0,1.0,1.0,1.0,1.0,1.0,1.0,1.0,1.0,1.0,0.0516032829159,1.0,1.0,1.0,1.0,1.0,1.0,1.0,1.0,1.0,1.0,1.0,1.0,1.0,1.0,1.0,1.0,1.0,1.0,1.0,1.0,1.0,1.0,1.0,1.0,1.0,1.0,1.0,1.0,1.0,1.0,1.0,1.0,1.0,1.0,1.0,1.0,1.0,1.0,1.0,1.0,1.0,1.0,1.0,1.0,1.0,1.0,1.0,1.0,1.0,1.0,1.0,1.0,1.0,1.0,1.0,1.0,1.0,1.0,1.0,1.0,1.0,1.0,1.0,1.0,1.0,0.219335310966,1.0,1.0,1.0,1.0,1.0,1.0,1.0,1.0,0.149945797222,1.0,1.0,1.0,1.0,1.0,1.0,1.0,1.0,1.0,1.0,1.0,1.0,1.0,1.0,1.0,1.0,1.0,1.0,1.0,1.0,1.0,1.0,1.0,1.0,1.0,1.0,1.0,1.0,1.0,1.0,1.0,1.0,1.0,1.0,1.0,1.0,1.0,1.0,1.0,1.0,1.0,1.0,0.0716166679662,1.0,1.0,1.0,1.0,1.0,1.0,1.0,1.0,1.0,1.0,1.0,1.0,1.0,1.0,1.0,1.0,1.0,1.0,1.0,1.0,1.0,1.0,1.0,1.0,1.0,1.0,1.0,1.0,1.0,1.0,1.0,1.0,1.0,1.0,1.0,1.0,1.0,1.0,1.0,1.0,1.0,1.0,1.0,1.0,1.0,1.0,1.0,1.0,1.0,1.0,1.0,1.0,1.0,1.0,1.0,1.0,1.0,1.0,1.0,1.0,1.0,1.0,1.0,1.0,1.0,1.0,1.0,1.0,1.0,1.0,1.0,1.0,1.0,1.0,1.0,1.0,1.0,1.0,1.0,1.0,1.0,1.0,1.0,1.0,1.0,1.0,1.0,1.0,1.0,1.0,1.0,1.0,1.0,1.0,1.0,1.0,1.0,1.0,1.0,1.0,1.0,1.0,1.0,1.0,1.0,1.0,1.0,1.0,1.0,1.0,1.0,1.0,1.0,1.0,1.0,1.0,1.0,1.0,1.0,1.0,1.0,1.0,1.0,1.0,1.0,1.0,1.0,1.0,1.0,1.0,1.0,1.0,1.0,1.0,1.0,1.0,1.0,1.0,1.0,1.0,1.0,1.0,1.0,1.0,1.0,1.0,1.0,1.0,1.0,1.0,1.0,1.0,1.0,1.0,1.0,1.0,1.0,1.0,1.0,1.0,1.0,1.0,1.0,1.0,1.0,1.0,1.0,1.0,1.0,1.0,1.0,1.0,1.0,1.0,1.0,1.0,1.0,1.0,9.82477215558e-05,1.0,1.0,1.0,0.0229597579722,1.0,1.0,1.0,1.0,1.0,1.0,1.0,1.0,1.0,1.0,1.0,1.0,1.0,1.0,1.0,1.0,1.0,1.0,1.0,1.0,1.0,1.0,1.0,1.0,1.0,1.0,1.0,1.0,1.0,1.0,1.0,1.0,1.0,1.0,1.0,1.0,1.0,1.0,1.0,1.0,1.0,1.0,1.0,1.0,1.0,1.0,1.0,1.0,1.0,1.0,1.0,1.0,1.0,1.0,1.0,1.0,1.0,1.0,1.0,1.0,1.0,1.0,1.0,81.0833333333,88.8846153846,2.25,76.3333333333
13,1.0,1.0,0.704109151363,1.0,1.0,1.0,1.0,1.0,1.0,1.0,1.0,1.0,1.0,1.0,1.0,1.0,1.0,1.0,1.0,1.0,1.0,1.0,1.0,1.0,1.0,1.0,1.0,1.0,1.0,1.0,1.0,1.0,1.0,1.0,1.0,1.0,1.0,0.135925533898,1.0,0.364744631484,1.0,1.0,1.0,1.0,1.0,1.0,1.0,1.0,1.0,1.0,1.0,1.0,1.0,1.0,1.0,1.0,1.0,1.0,0.0765401693349,1.0,1.0,1.0,1.0,1.0,1.0,1.0,1.0,1.0,1.0,1.0,1.0,1.0,1.0,1.0,1.0,0.890563706473,1.0,1.0,1.0,0.607081526054,1.0,0.102695449658,1.0,0.77700773253,0.744286769419,1.0,0.977794909381,1.0,1.0,1.0,0.0356213837563,1.0,1.0,0.0317755688115,1.0,1.0,1.0,1.0,1.0,1.0,0.173763991606,1.0,1.0,1.0,1.0,1.0,1.0,1.0,1.0,1.0,1.0,1.0,1.0,1.0,1.0,1.0,1.0,1.0,1.0,1.0,1.0,1.0,1.0,1.0,1.0,1.0,1.0,1.0,1.0,1.0,1.0,1.0,1.0,1.0,1.0,1.0,1.0,1.0,1.0,1.0,1.0,1.0,1.0,1.0,1.0,1.0,1.0,1.0,1.0,1.0,1.0,1.0,1.0,1.0,1.0,1.0,1.0,1.0,1.0,1.0,1.0,1.0,1.0,1.0,1.0,1.0,1.0,1.0,0.486659342622,1.0,1.0,1.0,1.0,0.130999469848,3.48543659779e-11,1.0,0.912135492726,1.0,1.0,1.0,1.0,1.0,1.0,1.0,1.0,1.0,1.0,1.0,1.0,1.0,1.0,1.0,1.0,0.00745585100234,1.0,1.0,1.0,1.0,1.0,1.0,1.0,1.0,0.153476168955,0.639920619946,1.0,1.0,1.0,1.0,1.0,1.0,1.0,1.0,1.0,1.0,1.0,1.0,0.684306271327,1.0,1.0,1.0,0.39645763095,1.0,1.0,1.0,1.0,1.0,1.0,1.0,1.0,1.0,1.0,1.0,1.0,1.0,0.000910825904936,1.0,1.0,1.0,1.0,1.0,1.0,1.0,0.869154372557,1.0,1.0,1.0,0.185680150822,1.0,1.0,1.0,1.0,1.0,1.0,1.0,1.0,1.0,1.0,1.0,1.0,1.0,0.0554078418514,0.0302063936698,1.0,1.0,1.0,1.0,1.0,1.0,1.0,1.0,1.0,1.0,1.0,1.0,0.0786869851192,1.0,1.0,1.0,1.0,1.0,1.0,1.0,1.0,1.0,1.0,1.0,1.0,1.0,1.0,1.0,1.0,1.0,1.0,1.0,1.0,1.0,1.0,1.0,1.0,1.0,1.0,1.0,0.194926957154,0.21010021602,1.0,1.0,1.0,1.0,0.381348122109,1.0,1.0,1.0,1.0,1.0,1.0,1.0,1.0,1.0,0.538818221658,1.0,1.0,1.0,1.0,1.0,1.0,1.0,0.174230092741,1.0,1.0,1.0,1.0,1.0,1.0,1.0,1.0,0.912286743724,1.0,1.0,0.222687967295,1.0,0.21010021602,1.0,1.0,1.0,1.0,1.0,1.0,0.979255651778,1.0,1.0,1.0,1.0,1.0,1.0,1.0,1.0,1.0,1.0,0.11144245634,1.0,1.0,0.708691686828,1.0,1.0,1.0,0.912286743724,1.0,1.0,1.0,1.0,1.0,1.0,1.0,1.0,1.0,1.0,1.0,1.0,1.0,0.708691686828,0.77700773253,1.0,1.0,1.0,1.0,1.0,1.0,1.0,1.0,1.0,1.0,1.0,1.0,1.0,0.979255651778,1.0,1.0,0.0544980390805,1.0,0.162920278833,1.0,1.0,1.0,1.0,1.0,1.0,1.0,1.0,0.00657181053544,1.0,1.0,1.0,1.0,1.0,1.0,1.0,1.0,1.0,1.0,1.0,1.0,1.0,1.0,1.0,1.0,1.0,1.0,1.0,1.0,1.0,1.0,1.0,1.0,0.075049285918,1.0,1.0,1.0,1.0,1.0,1.0,1.0,1.0,1.0,1.0,1.0,1.0,1.0,1.0,1.0,1.0,0.844871757779,1.0,1.0,1.0,1.0,1.0,1.0,1.0,1.0,1.0,1.0,1.0,1.0,1.0,1.0,1.0,1.0,1.0,1.0,1.0,1.0,1.0,1.0,1.0,1.0,1.0,1.0,1.0,1.0,1.0,1.0,1.0,1.0,1.0,0.290150986479,1.0,1.0,1.0,1.0,1.0,1.0,1.0,1.0,0.912286743724,1.0,1.0,1.0,1.0,1.0,0.77700773253,1.0,1.0,1.0,1.0,1.0,1.0,1.0,1.0,0.0688802266404,1.0,1.0,1.0,1.0,0.844871757779,1.0,0.0688802266404,1.0,1.0,1.0,1.0,1.0,1.0,1.0,1.0,1.0,1.0,1.0,1.0,1.0,1.0,1.0,1.0,1.0,1.0,1.0,1.0,1.0,1.0,1.0,1.0,1.0,1.0,1.0,1.20328937039,13.9831081081,1.07272727273,2.85043431053
